benchmark.name,execution.execution_id,execution.repetition,execution.repetitions,execution.workdir,execution.execution_dir,vars.subfile_stripe_size,vars.subfile_number,vars.pdi_config,vars.gys_io_output,metadata.jobid,metadata.executor_status,metadata.submission_time,metadata.end,metadata.slurm_submit_stdout,metadata.slurm_submit_stderr,metadata.submit_returncode,metadata.slurm_state_live,metadata.slurm_state,metadata.slurm_exitcode,metadata.sysinfo.hostname,metadata.sysinfo.cpu_model,metadata.sysinfo.cpu_cores,metadata.sysinfo.memory_kb,metadata.sysinfo.kernel,metadata.sysinfo.os,metadata.sysinfo.ib_devices,metadata.sysinfo.filesystems,metadata.sysinfo.duration_seconds,metrics.time_write,metrics.time_total,metrics.bandwidth
Gys_io Benchmark - Subfiling,21,1,5,/beegfs/aloupoue/iops_runs/run_065,/beegfs/aloupoue/iops_runs/run_065/runs/exec_0021/repetition_001,536870912,8,pdi_sub8.yaml,/beegfs/aloupoue/iops_runs/run_065/runs/exec_0021/repetition_001/summary.txt,4658157,SUCCEEDED,2026-04-16 00:29:42,2026-04-16 00:49:43,Submitted batch job 4658157,,0,RUNNING,COMPLETED,0:0,bora003.plafrim.cluster,Intel(R) Xeon(R) Gold 6240 CPU @ 2.60GHz,36,196303136,3.10.0-957.el7.x86_64,CentOS Linux 7 (Core),hfi1_0,beegfs:/beegfs,45,10.7145,33.3431,5.97
Gys_io Benchmark - Subfiling,17,1,5,/beegfs/aloupoue/iops_runs/run_065,/beegfs/aloupoue/iops_runs/run_065/runs/exec_0017/repetition_001,268435456,16,pdi_sub16.yaml,/beegfs/aloupoue/iops_runs/run_065/runs/exec_0017/repetition_001/summary.txt,4658172,SUCCEEDED,2026-04-16 00:49:43,2026-04-16 00:52:13,Submitted batch job 4658172,,0,RUNNING,COMPLETED,0:0,bora003.plafrim.cluster,Intel(R) Xeon(R) Gold 6240 CPU @ 2.60GHz,36,196303136,3.10.0-957.el7.x86_64,CentOS Linux 7 (Core),hfi1_0,beegfs:/beegfs,41,11.4105,31.1575,5.61
Gys_io Benchmark - Subfiling,25,1,5,/beegfs/aloupoue/iops_runs/run_065,/beegfs/aloupoue/iops_runs/run_065/runs/exec_0025/repetition_001,536870912,128,pdi_sub128.yaml,/beegfs/aloupoue/iops_runs/run_065/runs/exec_0025/repetition_001/summary.txt,4658177,SUCCEEDED,2026-04-16 00:52:13,2026-04-16 01:01:14,Submitted batch job 4658177,,0,RUNNING,COMPLETED,0:0,bora003.plafrim.cluster,Intel(R) Xeon(R) Gold 6240 CPU @ 2.60GHz,36,196303136,3.10.0-957.el7.x86_64,CentOS Linux 7 (Core),hfi1_0,beegfs:/beegfs,44,12.1195,32.6166,5.28
Gys_io Benchmark - Subfiling,10,1,5,/beegfs/aloupoue/iops_runs/run_065,/beegfs/aloupoue/iops_runs/run_065/runs/exec_0010/repetition_001,67108864,128,pdi_sub128.yaml,/beegfs/aloupoue/iops_runs/run_065/runs/exec_0010/repetition_001/summary.txt,4658187,SUCCEEDED,2026-04-16 01:01:14,2026-04-16 01:02:14,Submitted batch job 4658187,,0,RUNNING,COMPLETED,0:0,bora003.plafrim.cluster,Intel(R) Xeon(R) Gold 6240 CPU @ 2.60GHz,36,196303136,3.10.0-957.el7.x86_64,CentOS Linux 7 (Core),hfi1_0,beegfs:/beegfs,43,15.0497,33.2018,4.25
Gys_io Benchmark - Subfiling,18,1,5,/beegfs/aloupoue/iops_runs/run_065,/beegfs/aloupoue/iops_runs/run_065/runs/exec_0018/repetition_001,268435456,32,pdi_sub32.yaml,/beegfs/aloupoue/iops_runs/run_065/runs/exec_0018/repetition_001/summary.txt,4658188,SUCCEEDED,2026-04-16 01:02:14,2026-04-16 01:03:14,Submitted batch job 4658188,,0,RUNNING,COMPLETED,0:0,bora003.plafrim.cluster,Intel(R) Xeon(R) Gold 6240 CPU @ 2.60GHz,36,196303136,3.10.0-957.el7.x86_64,CentOS Linux 7 (Core),hfi1_0,beegfs:/beegfs,45,13.7345,33.8779,4.66
Gys_io Benchmark - Subfiling,23,1,5,/beegfs/aloupoue/iops_runs/run_065,/beegfs/aloupoue/iops_runs/run_065/runs/exec_0023/repetition_001,536870912,32,pdi_sub32.yaml,/beegfs/aloupoue/iops_runs/run_065/runs/exec_0023/repetition_001/summary.txt,4658189,SUCCEEDED,2026-04-16 01:03:14,2026-04-16 01:04:14,Submitted batch job 4658189,,0,RUNNING,COMPLETED,0:0,bora003.plafrim.cluster,Intel(R) Xeon(R) Gold 6240 CPU @ 2.60GHz,36,196303136,3.10.0-957.el7.x86_64,CentOS Linux 7 (Core),hfi1_0,beegfs:/beegfs,43,14.7943,32.711,4.33
Gys_io Benchmark - Subfiling,3,1,5,/beegfs/aloupoue/iops_runs/run_065,/beegfs/aloupoue/iops_runs/run_065/runs/exec_0003/repetition_001,33554432,32,pdi_sub32.yaml,/beegfs/aloupoue/iops_runs/run_065/runs/exec_0003/repetition_001/summary.txt,4658190,SUCCEEDED,2026-04-16 01:04:14,2026-04-16 01:05:15,Submitted batch job 4658190,,0,RUNNING,COMPLETED,0:0,bora003.plafrim.cluster,Intel(R) Xeon(R) Gold 6240 CPU @ 2.60GHz,36,196303136,3.10.0-957.el7.x86_64,CentOS Linux 7 (Core),hfi1_0,beegfs:/beegfs,45,13.4974,35.213,4.74
Gys_io Benchmark - Subfiling,8,1,5,/beegfs/aloupoue/iops_runs/run_065,/beegfs/aloupoue/iops_runs/run_065/runs/exec_0008/repetition_001,67108864,32,pdi_sub32.yaml,/beegfs/aloupoue/iops_runs/run_065/runs/exec_0008/repetition_001/summary.txt,4658194,SUCCEEDED,2026-04-16 01:05:15,2026-04-16 01:06:15,Submitted batch job 4658194,,0,RUNNING,COMPLETED,0:0,bora003.plafrim.cluster,Intel(R) Xeon(R) Gold 6240 CPU @ 2.60GHz,36,196303136,3.10.0-957.el7.x86_64,CentOS Linux 7 (Core),hfi1_0,beegfs:/beegfs,47,14.346,36.552,4.46
Gys_io Benchmark - Subfiling,5,1,5,/beegfs/aloupoue/iops_runs/run_065,/beegfs/aloupoue/iops_runs/run_065/runs/exec_0005/repetition_001,33554432,128,pdi_sub128.yaml,/beegfs/aloupoue/iops_runs/run_065/runs/exec_0005/repetition_001/summary.txt,4658195,SUCCEEDED,2026-04-16 01:06:15,2026-04-16 01:07:45,Submitted batch job 4658195,,0,RUNNING,COMPLETED,0:0,bora003.plafrim.cluster,Intel(R) Xeon(R) Gold 6240 CPU @ 2.60GHz,36,196303136,3.10.0-957.el7.x86_64,CentOS Linux 7 (Core),hfi1_0,beegfs:/beegfs,46,14.0888,36.9716,4.54
Gys_io Benchmark - Subfiling,17,2,5,/beegfs/aloupoue/iops_runs/run_065,/beegfs/aloupoue/iops_runs/run_065/runs/exec_0017/repetition_002,268435456,16,pdi_sub16.yaml,/beegfs/aloupoue/iops_runs/run_065/runs/exec_0017/repetition_002/summary.txt,4658196,SUCCEEDED,2026-04-16 01:07:45,2026-04-16 01:09:15,Submitted batch job 4658196,,0,RUNNING,COMPLETED,0:0,bora003.plafrim.cluster,Intel(R) Xeon(R) Gold 6240 CPU @ 2.60GHz,36,196303136,3.10.0-957.el7.x86_64,CentOS Linux 7 (Core),hfi1_0,beegfs:/beegfs,46,13.6415,35.1971,4.69
Gys_io Benchmark - Subfiling,23,2,5,/beegfs/aloupoue/iops_runs/run_065,/beegfs/aloupoue/iops_runs/run_065/runs/exec_0023/repetition_002,536870912,32,pdi_sub32.yaml,/beegfs/aloupoue/iops_runs/run_065/runs/exec_0023/repetition_002/summary.txt,4658197,SUCCEEDED,2026-04-16 01:09:15,2026-04-16 01:10:46,Submitted batch job 4658197,,0,RUNNING,COMPLETED,0:0,bora003.plafrim.cluster,Intel(R) Xeon(R) Gold 6240 CPU @ 2.60GHz,36,196303136,3.10.0-957.el7.x86_64,CentOS Linux 7 (Core),hfi1_0,beegfs:/beegfs,46,13.8688,34.7158,4.61
Gys_io Benchmark - Subfiling,9,1,5,/beegfs/aloupoue/iops_runs/run_065,/beegfs/aloupoue/iops_runs/run_065/runs/exec_0009/repetition_001,67108864,64,pdi_sub64.yaml,/beegfs/aloupoue/iops_runs/run_065/runs/exec_0009/repetition_001/summary.txt,4658201,SUCCEEDED,2026-04-16 01:10:46,2026-04-16 01:12:16,Submitted batch job 4658201,,0,RUNNING,COMPLETED,0:0,bora003.plafrim.cluster,Intel(R) Xeon(R) Gold 6240 CPU @ 2.60GHz,36,196303136,3.10.0-957.el7.x86_64,CentOS Linux 7 (Core),hfi1_0,beegfs:/beegfs,50,18.7385,38.5368,3.42
Gys_io Benchmark - Subfiling,1,1,5,/beegfs/aloupoue/iops_runs/run_065,/beegfs/aloupoue/iops_runs/run_065/runs/exec_0001/repetition_001,33554432,8,pdi_sub8.yaml,/beegfs/aloupoue/iops_runs/run_065/runs/exec_0001/repetition_001/summary.txt,4658202,SUCCEEDED,2026-04-16 01:12:16,2026-04-16 01:13:46,Submitted batch job 4658202,,0,RUNNING,COMPLETED,0:0,bora003.plafrim.cluster,Intel(R) Xeon(R) Gold 6240 CPU @ 2.60GHz,36,196303136,3.10.0-957.el7.x86_64,CentOS Linux 7 (Core),hfi1_0,beegfs:/beegfs,43,12.0949,32.9463,5.29
Gys_io Benchmark - Subfiling,2,1,5,/beegfs/aloupoue/iops_runs/run_065,/beegfs/aloupoue/iops_runs/run_065/runs/exec_0002/repetition_001,33554432,16,pdi_sub16.yaml,/beegfs/aloupoue/iops_runs/run_065/runs/exec_0002/repetition_001/summary.txt,4658203,SUCCEEDED,2026-04-16 01:13:46,2026-04-16 01:15:16,Submitted batch job 4658203,,0,RUNNING,COMPLETED,0:0,bora003.plafrim.cluster,Intel(R) Xeon(R) Gold 6240 CPU @ 2.60GHz,36,196303136,3.10.0-957.el7.x86_64,CentOS Linux 7 (Core),hfi1_0,beegfs:/beegfs,42,12.5787,31.8802,5.09
Gys_io Benchmark - Subfiling,9,2,5,/beegfs/aloupoue/iops_runs/run_065,/beegfs/aloupoue/iops_runs/run_065/runs/exec_0009/repetition_002,67108864,64,pdi_sub64.yaml,/beegfs/aloupoue/iops_runs/run_065/runs/exec_0009/repetition_002/summary.txt,4658207,SUCCEEDED,2026-04-16 01:15:16,2026-04-16 01:16:47,Submitted batch job 4658207,,0,RUNNING,COMPLETED,0:0,bora003.plafrim.cluster,Intel(R) Xeon(R) Gold 6240 CPU @ 2.60GHz,36,196303136,3.10.0-957.el7.x86_64,CentOS Linux 7 (Core),hfi1_0,beegfs:/beegfs,43,15.9665,33.4563,4.01
Gys_io Benchmark - Subfiling,15,1,5,/beegfs/aloupoue/iops_runs/run_065,/beegfs/aloupoue/iops_runs/run_065/runs/exec_0015/repetition_001,134217728,128,pdi_sub128.yaml,/beegfs/aloupoue/iops_runs/run_065/runs/exec_0015/repetition_001/summary.txt,4658209,SUCCEEDED,2026-04-16 01:16:48,2026-04-16 01:22:18,Submitted batch job 4658209,,0,RUNNING,COMPLETED,0:0,bora003.plafrim.cluster,Intel(R) Xeon(R) Gold 6240 CPU @ 2.60GHz,36,196303136,3.10.0-957.el7.x86_64,CentOS Linux 7 (Core),hfi1_0,beegfs:/beegfs,50,14.0296,39.5783,4.56
Gys_io Benchmark - Subfiling,15,2,5,/beegfs/aloupoue/iops_runs/run_065,/beegfs/aloupoue/iops_runs/run_065/runs/exec_0015/repetition_002,134217728,128,pdi_sub128.yaml,/beegfs/aloupoue/iops_runs/run_065/runs/exec_0015/repetition_002/summary.txt,4658213,SUCCEEDED,2026-04-16 01:22:18,2026-04-16 01:23:48,Submitted batch job 4658213,,0,RUNNING,COMPLETED,0:0,bora003.plafrim.cluster,Intel(R) Xeon(R) Gold 6240 CPU @ 2.60GHz,36,196303136,3.10.0-957.el7.x86_64,CentOS Linux 7 (Core),hfi1_0,beegfs:/beegfs,45,12.4896,35.0859,5.12
Gys_io Benchmark - Subfiling,7,1,5,/beegfs/aloupoue/iops_runs/run_065,/beegfs/aloupoue/iops_runs/run_065/runs/exec_0007/repetition_001,67108864,16,pdi_sub16.yaml,/beegfs/aloupoue/iops_runs/run_065/runs/exec_0007/repetition_001/summary.txt,4658214,SUCCEEDED,2026-04-16 01:23:48,2026-04-16 01:25:19,Submitted batch job 4658214,,0,RUNNING,COMPLETED,0:0,bora003.plafrim.cluster,Intel(R) Xeon(R) Gold 6240 CPU @ 2.60GHz,36,196303136,3.10.0-957.el7.x86_64,CentOS Linux 7 (Core),hfi1_0,beegfs:/beegfs,58,25.0116,47.3184,2.56
Gys_io Benchmark - Subfiling,3,2,5,/beegfs/aloupoue/iops_runs/run_065,/beegfs/aloupoue/iops_runs/run_065/runs/exec_0003/repetition_002,33554432,32,pdi_sub32.yaml,/beegfs/aloupoue/iops_runs/run_065/runs/exec_0003/repetition_002/summary.txt,4658221,SUCCEEDED,2026-04-16 01:25:20,2026-04-16 01:27:20,Submitted batch job 4658221,,0,RUNNING,COMPLETED,0:0,bora015.plafrim.cluster,Intel(R) Xeon(R) Gold 6240 CPU @ 2.60GHz,36,196303136,3.10.0-957.el7.x86_64,CentOS Linux 7 (Core),hfi1_0,beegfs:/beegfs,48,15.6621,37.7045,4.09
Gys_io Benchmark - Subfiling,4,1,5,/beegfs/aloupoue/iops_runs/run_065,/beegfs/aloupoue/iops_runs/run_065/runs/exec_0004/repetition_001,33554432,64,pdi_sub64.yaml,/beegfs/aloupoue/iops_runs/run_065/runs/exec_0004/repetition_001/summary.txt,4658225,SUCCEEDED,2026-04-16 01:27:20,2026-04-16 01:40:21,Submitted batch job 4658225,,0,RUNNING,COMPLETED,0:0,bora015.plafrim.cluster,Intel(R) Xeon(R) Gold 6240 CPU @ 2.60GHz,36,196303136,3.10.0-957.el7.x86_64,CentOS Linux 7 (Core),hfi1_0,beegfs:/beegfs,50,17.5564,38.6868,3.65
Gys_io Benchmark - Subfiling,13,1,5,/beegfs/aloupoue/iops_runs/run_065,/beegfs/aloupoue/iops_runs/run_065/runs/exec_0013/repetition_001,134217728,32,pdi_sub32.yaml,/beegfs/aloupoue/iops_runs/run_065/runs/exec_0013/repetition_001/summary.txt,4658239,SUCCEEDED,2026-04-16 01:40:21,2026-04-16 01:51:22,Submitted batch job 4658239,,0,RUNNING,COMPLETED,0:0,bora015.plafrim.cluster,Intel(R) Xeon(R) Gold 6240 CPU @ 2.60GHz,36,196303136,3.10.0-957.el7.x86_64,CentOS Linux 7 (Core),hfi1_0,beegfs:/beegfs,46,14.5733,34.4818,4.39
Gys_io Benchmark - Subfiling,12,1,5,/beegfs/aloupoue/iops_runs/run_065,/beegfs/aloupoue/iops_runs/run_065/runs/exec_0012/repetition_001,134217728,16,pdi_sub16.yaml,/beegfs/aloupoue/iops_runs/run_065/runs/exec_0012/repetition_001/summary.txt,4658247,SUCCEEDED,2026-04-16 01:51:22,2026-04-16 01:52:52,Submitted batch job 4658247,,0,RUNNING,COMPLETED,0:0,bora015.plafrim.cluster,Intel(R) Xeon(R) Gold 6240 CPU @ 2.60GHz,36,196303136,3.10.0-957.el7.x86_64,CentOS Linux 7 (Core),hfi1_0,beegfs:/beegfs,40,13.5654,30.5015,4.72
Gys_io Benchmark - Subfiling,11,1,5,/beegfs/aloupoue/iops_runs/run_065,/beegfs/aloupoue/iops_runs/run_065/runs/exec_0011/repetition_001,134217728,8,pdi_sub8.yaml,/beegfs/aloupoue/iops_runs/run_065/runs/exec_0011/repetition_001/summary.txt,4658249,SUCCEEDED,2026-04-16 01:52:53,2026-04-16 02:34:25,Submitted batch job 4658249,,0,RUNNING,COMPLETED,0:0,bora008.plafrim.cluster,Intel(R) Xeon(R) Gold 6240 CPU @ 2.60GHz,36,196303136,3.10.0-957.el7.x86_64,CentOS Linux 7 (Core),hfi1_0,beegfs:/beegfs,45,12.7305,32.2396,5.03
Gys_io Benchmark - Subfiling,9,3,5,/beegfs/aloupoue/iops_runs/run_065,/beegfs/aloupoue/iops_runs/run_065/runs/exec_0009/repetition_003,67108864,64,pdi_sub64.yaml,/beegfs/aloupoue/iops_runs/run_065/runs/exec_0009/repetition_003/summary.txt,4658274,SUCCEEDED,2026-04-16 02:34:25,2026-04-16 02:35:55,Submitted batch job 4658274,,0,RUNNING,COMPLETED,0:0,bora003.plafrim.cluster,Intel(R) Xeon(R) Gold 6240 CPU @ 2.60GHz,36,196303136,3.10.0-957.el7.x86_64,CentOS Linux 7 (Core),hfi1_0,beegfs:/beegfs,48,17.8614,38.3027,3.58
Gys_io Benchmark - Subfiling,2,2,5,/beegfs/aloupoue/iops_runs/run_065,/beegfs/aloupoue/iops_runs/run_065/runs/exec_0002/repetition_002,33554432,16,pdi_sub16.yaml,/beegfs/aloupoue/iops_runs/run_065/runs/exec_0002/repetition_002/summary.txt,4658278,SUCCEEDED,2026-04-16 02:35:55,2026-04-16 02:37:25,Submitted batch job 4658278,,0,RUNNING,COMPLETED,0:0,bora003.plafrim.cluster,Intel(R) Xeon(R) Gold 6240 CPU @ 2.60GHz,36,196303136,3.10.0-957.el7.x86_64,CentOS Linux 7 (Core),hfi1_0,beegfs:/beegfs,41,13.3932,30.8799,4.78
Gys_io Benchmark - Subfiling,1,2,5,/beegfs/aloupoue/iops_runs/run_065,/beegfs/aloupoue/iops_runs/run_065/runs/exec_0001/repetition_002,33554432,8,pdi_sub8.yaml,/beegfs/aloupoue/iops_runs/run_065/runs/exec_0001/repetition_002/summary.txt,4658279,SUCCEEDED,2026-04-16 02:37:25,2026-04-16 02:38:56,Submitted batch job 4658279,,0,RUNNING,COMPLETED,0:0,bora003.plafrim.cluster,Intel(R) Xeon(R) Gold 6240 CPU @ 2.60GHz,36,196303136,3.10.0-957.el7.x86_64,CentOS Linux 7 (Core),hfi1_0,beegfs:/beegfs,41,11.6308,30.8752,5.5
Gys_io Benchmark - Subfiling,11,2,5,/beegfs/aloupoue/iops_runs/run_065,/beegfs/aloupoue/iops_runs/run_065/runs/exec_0011/repetition_002,134217728,8,pdi_sub8.yaml,/beegfs/aloupoue/iops_runs/run_065/runs/exec_0011/repetition_002/summary.txt,4658280,SUCCEEDED,2026-04-16 02:38:56,2026-04-16 02:40:26,Submitted batch job 4658280,,0,RUNNING,COMPLETED,0:0,bora003.plafrim.cluster,Intel(R) Xeon(R) Gold 6240 CPU @ 2.60GHz,36,196303136,3.10.0-957.el7.x86_64,CentOS Linux 7 (Core),hfi1_0,beegfs:/beegfs,43,11.6477,33.3045,5.49
Gys_io Benchmark - Subfiling,14,1,5,/beegfs/aloupoue/iops_runs/run_065,/beegfs/aloupoue/iops_runs/run_065/runs/exec_0014/repetition_001,134217728,64,pdi_sub64.yaml,/beegfs/aloupoue/iops_runs/run_065/runs/exec_0014/repetition_001/summary.txt,4658284,SUCCEEDED,2026-04-16 02:40:26,2026-04-16 02:41:56,Submitted batch job 4658284,,0,RUNNING,COMPLETED,0:0,bora003.plafrim.cluster,Intel(R) Xeon(R) Gold 6240 CPU @ 2.60GHz,36,196303136,3.10.0-957.el7.x86_64,CentOS Linux 7 (Core),hfi1_0,beegfs:/beegfs,47,18.1789,37.4627,3.52
Gys_io Benchmark - Subfiling,19,1,5,/beegfs/aloupoue/iops_runs/run_065,/beegfs/aloupoue/iops_runs/run_065/runs/exec_0019/repetition_001,268435456,64,pdi_sub64.yaml,/beegfs/aloupoue/iops_runs/run_065/runs/exec_0019/repetition_001/summary.txt,4658285,SUCCEEDED,2026-04-16 02:41:56,2026-04-16 02:43:26,Submitted batch job 4658285,,0,RUNNING,COMPLETED,0:0,bora003.plafrim.cluster,Intel(R) Xeon(R) Gold 6240 CPU @ 2.60GHz,36,196303136,3.10.0-957.el7.x86_64,CentOS Linux 7 (Core),hfi1_0,beegfs:/beegfs,51,18.2701,41.1003,3.5
Gys_io Benchmark - Subfiling,7,2,5,/beegfs/aloupoue/iops_runs/run_065,/beegfs/aloupoue/iops_runs/run_065/runs/exec_0007/repetition_002,67108864,16,pdi_sub16.yaml,/beegfs/aloupoue/iops_runs/run_065/runs/exec_0007/repetition_002/summary.txt,4658286,SUCCEEDED,2026-04-16 02:43:26,2026-04-16 02:44:57,Submitted batch job 4658286,,0,RUNNING,COMPLETED,0:0,bora003.plafrim.cluster,Intel(R) Xeon(R) Gold 6240 CPU @ 2.60GHz,36,196303136,3.10.0-957.el7.x86_64,CentOS Linux 7 (Core),hfi1_0,beegfs:/beegfs,44,14.6912,33.986,4.36
Gys_io Benchmark - Subfiling,15,3,5,/beegfs/aloupoue/iops_runs/run_065,/beegfs/aloupoue/iops_runs/run_065/runs/exec_0015/repetition_003,134217728,128,pdi_sub128.yaml,/beegfs/aloupoue/iops_runs/run_065/runs/exec_0015/repetition_003/summary.txt,4658287,SUCCEEDED,2026-04-16 02:44:57,2026-04-16 02:46:27,Submitted batch job 4658287,,0,RUNNING,COMPLETED,0:0,bora003.plafrim.cluster,Intel(R) Xeon(R) Gold 6240 CPU @ 2.60GHz,36,196303136,3.10.0-957.el7.x86_64,CentOS Linux 7 (Core),hfi1_0,beegfs:/beegfs,48,14.9851,37.7592,4.27
Gys_io Benchmark - Subfiling,6,1,5,/beegfs/aloupoue/iops_runs/run_065,/beegfs/aloupoue/iops_runs/run_065/runs/exec_0006/repetition_001,67108864,8,pdi_sub8.yaml,/beegfs/aloupoue/iops_runs/run_065/runs/exec_0006/repetition_001/summary.txt,4658291,SUCCEEDED,2026-04-16 02:46:27,2026-04-16 02:47:57,Submitted batch job 4658291,,0,RUNNING,COMPLETED,0:0,bora003.plafrim.cluster,Intel(R) Xeon(R) Gold 6240 CPU @ 2.60GHz,36,196303136,3.10.0-957.el7.x86_64,CentOS Linux 7 (Core),hfi1_0,beegfs:/beegfs,42,11.7577,32.0684,5.44
Gys_io Benchmark - Subfiling,5,2,5,/beegfs/aloupoue/iops_runs/run_065,/beegfs/aloupoue/iops_runs/run_065/runs/exec_0005/repetition_002,33554432,128,pdi_sub128.yaml,/beegfs/aloupoue/iops_runs/run_065/runs/exec_0005/repetition_002/summary.txt,4658292,SUCCEEDED,2026-04-16 02:47:57,2026-04-16 02:49:27,Submitted batch job 4658292,,0,RUNNING,COMPLETED,0:0,bora003.plafrim.cluster,Intel(R) Xeon(R) Gold 6240 CPU @ 2.60GHz,36,196303136,3.10.0-957.el7.x86_64,CentOS Linux 7 (Core),hfi1_0,beegfs:/beegfs,42,15.1574,31.8364,4.22
Gys_io Benchmark - Subfiling,10,2,5,/beegfs/aloupoue/iops_runs/run_065,/beegfs/aloupoue/iops_runs/run_065/runs/exec_0010/repetition_002,67108864,128,pdi_sub128.yaml,/beegfs/aloupoue/iops_runs/run_065/runs/exec_0010/repetition_002/summary.txt,4658293,SUCCEEDED,2026-04-16 02:49:27,2026-04-16 02:50:58,Submitted batch job 4658293,,0,RUNNING,COMPLETED,0:0,bora003.plafrim.cluster,Intel(R) Xeon(R) Gold 6240 CPU @ 2.60GHz,36,196303136,3.10.0-957.el7.x86_64,CentOS Linux 7 (Core),hfi1_0,beegfs:/beegfs,45,14.3529,34.6748,4.46
Gys_io Benchmark - Subfiling,1,3,5,/beegfs/aloupoue/iops_runs/run_065,/beegfs/aloupoue/iops_runs/run_065/runs/exec_0001/repetition_003,33554432,8,pdi_sub8.yaml,/beegfs/aloupoue/iops_runs/run_065/runs/exec_0001/repetition_003/summary.txt,4658297,SUCCEEDED,2026-04-16 02:50:58,2026-04-16 02:52:28,Submitted batch job 4658297,,0,RUNNING,COMPLETED,0:0,bora003.plafrim.cluster,Intel(R) Xeon(R) Gold 6240 CPU @ 2.60GHz,36,196303136,3.10.0-957.el7.x86_64,CentOS Linux 7 (Core),hfi1_0,beegfs:/beegfs,45,12.6679,34.3294,5.05
Gys_io Benchmark - Subfiling,4,2,5,/beegfs/aloupoue/iops_runs/run_065,/beegfs/aloupoue/iops_runs/run_065/runs/exec_0004/repetition_002,33554432,64,pdi_sub64.yaml,/beegfs/aloupoue/iops_runs/run_065/runs/exec_0004/repetition_002/summary.txt,4658298,SUCCEEDED,2026-04-16 02:52:28,2026-04-16 02:53:58,Submitted batch job 4658298,,0,RUNNING,COMPLETED,0:0,bora003.plafrim.cluster,Intel(R) Xeon(R) Gold 6240 CPU @ 2.60GHz,36,196303136,3.10.0-957.el7.x86_64,CentOS Linux 7 (Core),hfi1_0,beegfs:/beegfs,52,16.5321,39.9899,3.87
Gys_io Benchmark - Subfiling,20,1,5,/beegfs/aloupoue/iops_runs/run_065,/beegfs/aloupoue/iops_runs/run_065/runs/exec_0020/repetition_001,268435456,128,pdi_sub128.yaml,/beegfs/aloupoue/iops_runs/run_065/runs/exec_0020/repetition_001/summary.txt,4658299,SUCCEEDED,2026-04-16 02:53:59,2026-04-16 02:55:29,Submitted batch job 4658299,,0,RUNNING,COMPLETED,0:0,bora003.plafrim.cluster,Intel(R) Xeon(R) Gold 6240 CPU @ 2.60GHz,36,196303136,3.10.0-957.el7.x86_64,CentOS Linux 7 (Core),hfi1_0,beegfs:/beegfs,46,14.7245,35.8137,4.35
Gys_io Benchmark - Subfiling,24,1,5,/beegfs/aloupoue/iops_runs/run_065,/beegfs/aloupoue/iops_runs/run_065/runs/exec_0024/repetition_001,536870912,64,pdi_sub64.yaml,/beegfs/aloupoue/iops_runs/run_065/runs/exec_0024/repetition_001/summary.txt,4658303,SUCCEEDED,2026-04-16 02:55:29,2026-04-16 02:56:59,Submitted batch job 4658303,,0,RUNNING,COMPLETED,0:0,bora003.plafrim.cluster,Intel(R) Xeon(R) Gold 6240 CPU @ 2.60GHz,36,196303136,3.10.0-957.el7.x86_64,CentOS Linux 7 (Core),hfi1_0,beegfs:/beegfs,49,17.1021,38.3237,3.74
Gys_io Benchmark - Subfiling,17,3,5,/beegfs/aloupoue/iops_runs/run_065,/beegfs/aloupoue/iops_runs/run_065/runs/exec_0017/repetition_003,268435456,16,pdi_sub16.yaml,/beegfs/aloupoue/iops_runs/run_065/runs/exec_0017/repetition_003/summary.txt,4658304,SUCCEEDED,2026-04-16 02:56:59,2026-04-16 02:58:29,Submitted batch job 4658304,,0,RUNNING,COMPLETED,0:0,bora003.plafrim.cluster,Intel(R) Xeon(R) Gold 6240 CPU @ 2.60GHz,36,196303136,3.10.0-957.el7.x86_64,CentOS Linux 7 (Core),hfi1_0,beegfs:/beegfs,45,14.6008,35.2516,4.38
Gys_io Benchmark - Subfiling,14,2,5,/beegfs/aloupoue/iops_runs/run_065,/beegfs/aloupoue/iops_runs/run_065/runs/exec_0014/repetition_002,134217728,64,pdi_sub64.yaml,/beegfs/aloupoue/iops_runs/run_065/runs/exec_0014/repetition_002/summary.txt,4658305,SUCCEEDED,2026-04-16 02:58:29,2026-04-16 02:59:59,Submitted batch job 4658305,,0,RUNNING,COMPLETED,0:0,bora003.plafrim.cluster,Intel(R) Xeon(R) Gold 6240 CPU @ 2.60GHz,36,196303136,3.10.0-957.el7.x86_64,CentOS Linux 7 (Core),hfi1_0,beegfs:/beegfs,48,17.4479,38.4419,3.67
Gys_io Benchmark - Subfiling,1,4,5,/beegfs/aloupoue/iops_runs/run_065,/beegfs/aloupoue/iops_runs/run_065/runs/exec_0001/repetition_004,33554432,8,pdi_sub8.yaml,/beegfs/aloupoue/iops_runs/run_065/runs/exec_0001/repetition_004/summary.txt,4658306,SUCCEEDED,2026-04-16 03:00:00,2026-04-16 03:01:30,Submitted batch job 4658306,,0,RUNNING,COMPLETED,0:0,bora003.plafrim.cluster,Intel(R) Xeon(R) Gold 6240 CPU @ 2.60GHz,36,196303136,3.10.0-957.el7.x86_64,CentOS Linux 7 (Core),hfi1_0,beegfs:/beegfs,42,12.06,32.1049,5.31
Gys_io Benchmark - Subfiling,24,2,5,/beegfs/aloupoue/iops_runs/run_065,/beegfs/aloupoue/iops_runs/run_065/runs/exec_0024/repetition_002,536870912,64,pdi_sub64.yaml,/beegfs/aloupoue/iops_runs/run_065/runs/exec_0024/repetition_002/summary.txt,4658310,SUCCEEDED,2026-04-16 03:01:30,2026-04-16 03:03:00,Submitted batch job 4658310,,0,RUNNING,COMPLETED,0:0,bora003.plafrim.cluster,Intel(R) Xeon(R) Gold 6240 CPU @ 2.60GHz,36,196303136,3.10.0-957.el7.x86_64,CentOS Linux 7 (Core),hfi1_0,beegfs:/beegfs,47,18.1659,37.5111,3.52
Gys_io Benchmark - Subfiling,9,4,5,/beegfs/aloupoue/iops_runs/run_065,/beegfs/aloupoue/iops_runs/run_065/runs/exec_0009/repetition_004,67108864,64,pdi_sub64.yaml,/beegfs/aloupoue/iops_runs/run_065/runs/exec_0009/repetition_004/summary.txt,4658311,SUCCEEDED,2026-04-16 03:03:00,2026-04-16 03:04:30,Submitted batch job 4658311,,0,RUNNING,COMPLETED,0:0,bora003.plafrim.cluster,Intel(R) Xeon(R) Gold 6240 CPU @ 2.60GHz,36,196303136,3.10.0-957.el7.x86_64,CentOS Linux 7 (Core),hfi1_0,beegfs:/beegfs,50,17.8305,40.4104,3.59
Gys_io Benchmark - Subfiling,2,3,5,/beegfs/aloupoue/iops_runs/run_065,/beegfs/aloupoue/iops_runs/run_065/runs/exec_0002/repetition_003,33554432,16,pdi_sub16.yaml,/beegfs/aloupoue/iops_runs/run_065/runs/exec_0002/repetition_003/summary.txt,4658312,SUCCEEDED,2026-04-16 03:04:30,2026-04-16 03:06:00,Submitted batch job 4658312,,0,RUNNING,COMPLETED,0:0,bora003.plafrim.cluster,Intel(R) Xeon(R) Gold 6240 CPU @ 2.60GHz,36,196303136,3.10.0-957.el7.x86_64,CentOS Linux 7 (Core),hfi1_0,beegfs:/beegfs,43,13.8453,33.2842,4.62
Gys_io Benchmark - Subfiling,3,3,5,/beegfs/aloupoue/iops_runs/run_065,/beegfs/aloupoue/iops_runs/run_065/runs/exec_0003/repetition_003,33554432,32,pdi_sub32.yaml,/beegfs/aloupoue/iops_runs/run_065/runs/exec_0003/repetition_003/summary.txt,4658316,SUCCEEDED,2026-04-16 03:06:01,2026-04-16 03:07:31,Submitted batch job 4658316,,0,RUNNING,COMPLETED,0:0,bora003.plafrim.cluster,Intel(R) Xeon(R) Gold 6240 CPU @ 2.60GHz,36,196303136,3.10.0-957.el7.x86_64,CentOS Linux 7 (Core),hfi1_0,beegfs:/beegfs,43,14.4286,32.969,4.44
Gys_io Benchmark - Subfiling,12,2,5,/beegfs/aloupoue/iops_runs/run_065,/beegfs/aloupoue/iops_runs/run_065/runs/exec_0012/repetition_002,134217728,16,pdi_sub16.yaml,/beegfs/aloupoue/iops_runs/run_065/runs/exec_0012/repetition_002/summary.txt,4658317,SUCCEEDED,2026-04-16 03:07:31,2026-04-16 03:09:01,Submitted batch job 4658317,,0,RUNNING,COMPLETED,0:0,bora003.plafrim.cluster,Intel(R) Xeon(R) Gold 6240 CPU @ 2.60GHz,36,196303136,3.10.0-957.el7.x86_64,CentOS Linux 7 (Core),hfi1_0,beegfs:/beegfs,46,14.3629,35.5426,4.46
Gys_io Benchmark - Subfiling,19,2,5,/beegfs/aloupoue/iops_runs/run_065,/beegfs/aloupoue/iops_runs/run_065/runs/exec_0019/repetition_002,268435456,64,pdi_sub64.yaml,/beegfs/aloupoue/iops_runs/run_065/runs/exec_0019/repetition_002/summary.txt,4658318,SUCCEEDED,2026-04-16 03:09:01,2026-04-16 03:10:31,Submitted batch job 4658318,,0,RUNNING,COMPLETED,0:0,bora003.plafrim.cluster,Intel(R) Xeon(R) Gold 6240 CPU @ 2.60GHz,36,196303136,3.10.0-957.el7.x86_64,CentOS Linux 7 (Core),hfi1_0,beegfs:/beegfs,48,17.634,37.2243,3.63
Gys_io Benchmark - Subfiling,15,4,5,/beegfs/aloupoue/iops_runs/run_065,/beegfs/aloupoue/iops_runs/run_065/runs/exec_0015/repetition_004,134217728,128,pdi_sub128.yaml,/beegfs/aloupoue/iops_runs/run_065/runs/exec_0015/repetition_004/summary.txt,4658322,SUCCEEDED,2026-04-16 03:10:31,2026-04-16 03:12:01,Submitted batch job 4658322,,0,RUNNING,COMPLETED,0:0,bora003.plafrim.cluster,Intel(R) Xeon(R) Gold 6240 CPU @ 2.60GHz,36,196303136,3.10.0-957.el7.x86_64,CentOS Linux 7 (Core),hfi1_0,beegfs:/beegfs,46,15.1011,35.7299,4.24
Gys_io Benchmark - Subfiling,25,2,5,/beegfs/aloupoue/iops_runs/run_065,/beegfs/aloupoue/iops_runs/run_065/runs/exec_0025/repetition_002,536870912,128,pdi_sub128.yaml,/beegfs/aloupoue/iops_runs/run_065/runs/exec_0025/repetition_002/summary.txt,4658323,SUCCEEDED,2026-04-16 03:12:02,2026-04-16 03:13:32,Submitted batch job 4658323,,0,RUNNING,COMPLETED,0:0,bora003.plafrim.cluster,Intel(R) Xeon(R) Gold 6240 CPU @ 2.60GHz,36,196303136,3.10.0-957.el7.x86_64,CentOS Linux 7 (Core),hfi1_0,beegfs:/beegfs,46,17.106,36.0333,3.74
Gys_io Benchmark - Subfiling,15,5,5,/beegfs/aloupoue/iops_runs/run_065,/beegfs/aloupoue/iops_runs/run_065/runs/exec_0015/repetition_005,134217728,128,pdi_sub128.yaml,/beegfs/aloupoue/iops_runs/run_065/runs/exec_0015/repetition_005/summary.txt,4658324,SUCCEEDED,2026-04-16 03:13:32,2026-04-16 03:15:02,Submitted batch job 4658324,,0,RUNNING,COMPLETED,0:0,bora003.plafrim.cluster,Intel(R) Xeon(R) Gold 6240 CPU @ 2.60GHz,36,196303136,3.10.0-957.el7.x86_64,CentOS Linux 7 (Core),hfi1_0,beegfs:/beegfs,49,15.3567,38.7084,4.17
Gys_io Benchmark - Subfiling,2,4,5,/beegfs/aloupoue/iops_runs/run_065,/beegfs/aloupoue/iops_runs/run_065/runs/exec_0002/repetition_004,33554432,16,pdi_sub16.yaml,/beegfs/aloupoue/iops_runs/run_065/runs/exec_0002/repetition_004/summary.txt,4658328,SUCCEEDED,2026-04-16 03:15:02,2026-04-16 03:16:32,Submitted batch job 4658328,,0,RUNNING,COMPLETED,0:0,bora003.plafrim.cluster,Intel(R) Xeon(R) Gold 6240 CPU @ 2.60GHz,36,196303136,3.10.0-957.el7.x86_64,CentOS Linux 7 (Core),hfi1_0,beegfs:/beegfs,47,14.801,37.2393,4.32
Gys_io Benchmark - Subfiling,5,3,5,/beegfs/aloupoue/iops_runs/run_065,/beegfs/aloupoue/iops_runs/run_065/runs/exec_0005/repetition_003,33554432,128,pdi_sub128.yaml,/beegfs/aloupoue/iops_runs/run_065/runs/exec_0005/repetition_003/summary.txt,4658329,SUCCEEDED,2026-04-16 03:16:32,2026-04-16 03:18:02,Submitted batch job 4658329,,0,RUNNING,COMPLETED,0:0,bora008.plafrim.cluster,Intel(R) Xeon(R) Gold 6240 CPU @ 2.60GHz,36,196303136,3.10.0-957.el7.x86_64,CentOS Linux 7 (Core),hfi1_0,beegfs:/beegfs,54,14.7651,39.2695,4.33
Gys_io Benchmark - Subfiling,10,3,5,/beegfs/aloupoue/iops_runs/run_065,/beegfs/aloupoue/iops_runs/run_065/runs/exec_0010/repetition_003,67108864,128,pdi_sub128.yaml,/beegfs/aloupoue/iops_runs/run_065/runs/exec_0010/repetition_003/summary.txt,4658330,SUCCEEDED,2026-04-16 03:18:03,2026-04-16 03:19:33,Submitted batch job 4658330,,0,RUNNING,COMPLETED,0:0,bora008.plafrim.cluster,Intel(R) Xeon(R) Gold 6240 CPU @ 2.60GHz,36,196303136,3.10.0-957.el7.x86_64,CentOS Linux 7 (Core),hfi1_0,beegfs:/beegfs,48,16.8301,37.3377,3.8
Gys_io Benchmark - Subfiling,3,4,5,/beegfs/aloupoue/iops_runs/run_065,/beegfs/aloupoue/iops_runs/run_065/runs/exec_0003/repetition_004,33554432,32,pdi_sub32.yaml,/beegfs/aloupoue/iops_runs/run_065/runs/exec_0003/repetition_004/summary.txt,4658331,SUCCEEDED,2026-04-16 03:19:33,2026-04-16 03:21:03,Submitted batch job 4658331,,0,RUNNING,COMPLETED,0:0,bora008.plafrim.cluster,Intel(R) Xeon(R) Gold 6240 CPU @ 2.60GHz,36,196303136,3.10.0-957.el7.x86_64,CentOS Linux 7 (Core),hfi1_0,beegfs:/beegfs,47,14.6023,36.3863,4.38
Gys_io Benchmark - Subfiling,13,2,5,/beegfs/aloupoue/iops_runs/run_065,/beegfs/aloupoue/iops_runs/run_065/runs/exec_0013/repetition_002,134217728,32,pdi_sub32.yaml,/beegfs/aloupoue/iops_runs/run_065/runs/exec_0013/repetition_002/summary.txt,4658335,SUCCEEDED,2026-04-16 03:21:03,2026-04-16 03:22:33,Submitted batch job 4658335,,0,RUNNING,COMPLETED,0:0,bora008.plafrim.cluster,Intel(R) Xeon(R) Gold 6240 CPU @ 2.60GHz,36,196303136,3.10.0-957.el7.x86_64,CentOS Linux 7 (Core),hfi1_0,beegfs:/beegfs,43,14.3415,32.6114,4.46
Gys_io Benchmark - Subfiling,10,4,5,/beegfs/aloupoue/iops_runs/run_065,/beegfs/aloupoue/iops_runs/run_065/runs/exec_0010/repetition_004,67108864,128,pdi_sub128.yaml,/beegfs/aloupoue/iops_runs/run_065/runs/exec_0010/repetition_004/summary.txt,4658336,SUCCEEDED,2026-04-16 03:22:34,2026-04-16 03:24:04,Submitted batch job 4658336,,0,RUNNING,COMPLETED,0:0,bora008.plafrim.cluster,Intel(R) Xeon(R) Gold 6240 CPU @ 2.60GHz,36,196303136,3.10.0-957.el7.x86_64,CentOS Linux 7 (Core),hfi1_0,beegfs:/beegfs,44,14.9361,32.7263,4.28
Gys_io Benchmark - Subfiling,20,2,5,/beegfs/aloupoue/iops_runs/run_065,/beegfs/aloupoue/iops_runs/run_065/runs/exec_0020/repetition_002,268435456,128,pdi_sub128.yaml,/beegfs/aloupoue/iops_runs/run_065/runs/exec_0020/repetition_002/summary.txt,4658337,SUCCEEDED,2026-04-16 03:24:05,2026-04-16 03:25:35,Submitted batch job 4658337,,0,RUNNING,COMPLETED,0:0,bora008.plafrim.cluster,Intel(R) Xeon(R) Gold 6240 CPU @ 2.60GHz,36,196303136,3.10.0-957.el7.x86_64,CentOS Linux 7 (Core),hfi1_0,beegfs:/beegfs,49,14.5847,37.8137,4.39
Gys_io Benchmark - Subfiling,1,5,5,/beegfs/aloupoue/iops_runs/run_065,/beegfs/aloupoue/iops_runs/run_065/runs/exec_0001/repetition_005,33554432,8,pdi_sub8.yaml,/beegfs/aloupoue/iops_runs/run_065/runs/exec_0001/repetition_005/summary.txt,4658341,SUCCEEDED,2026-04-16 03:25:35,2026-04-16 03:27:05,Submitted batch job 4658341,,0,RUNNING,COMPLETED,0:0,bora008.plafrim.cluster,Intel(R) Xeon(R) Gold 6240 CPU @ 2.60GHz,36,196303136,3.10.0-957.el7.x86_64,CentOS Linux 7 (Core),hfi1_0,beegfs:/beegfs,42,12.0552,31.2582,5.31
Gys_io Benchmark - Subfiling,20,3,5,/beegfs/aloupoue/iops_runs/run_065,/beegfs/aloupoue/iops_runs/run_065/runs/exec_0020/repetition_003,268435456,128,pdi_sub128.yaml,/beegfs/aloupoue/iops_runs/run_065/runs/exec_0020/repetition_003/summary.txt,4658342,SUCCEEDED,2026-04-16 03:27:05,2026-04-16 03:28:35,Submitted batch job 4658342,,0,RUNNING,COMPLETED,0:0,bora008.plafrim.cluster,Intel(R) Xeon(R) Gold 6240 CPU @ 2.60GHz,36,196303136,3.10.0-957.el7.x86_64,CentOS Linux 7 (Core),hfi1_0,beegfs:/beegfs,45,14.3166,33.912,4.47
Gys_io Benchmark - Subfiling,10,5,5,/beegfs/aloupoue/iops_runs/run_065,/beegfs/aloupoue/iops_runs/run_065/runs/exec_0010/repetition_005,67108864,128,pdi_sub128.yaml,/beegfs/aloupoue/iops_runs/run_065/runs/exec_0010/repetition_005/summary.txt,4658343,SUCCEEDED,2026-04-16 03:28:35,2026-04-16 03:30:06,Submitted batch job 4658343,,0,RUNNING,COMPLETED,0:0,bora008.plafrim.cluster,Intel(R) Xeon(R) Gold 6240 CPU @ 2.60GHz,36,196303136,3.10.0-957.el7.x86_64,CentOS Linux 7 (Core),hfi1_0,beegfs:/beegfs,48,16.1434,36.4147,3.96
Gys_io Benchmark - Subfiling,5,4,5,/beegfs/aloupoue/iops_runs/run_065,/beegfs/aloupoue/iops_runs/run_065/runs/exec_0005/repetition_004,33554432,128,pdi_sub128.yaml,/beegfs/aloupoue/iops_runs/run_065/runs/exec_0005/repetition_004/summary.txt,4658347,SUCCEEDED,2026-04-16 03:30:06,2026-04-16 03:31:36,Submitted batch job 4658347,,0,RUNNING,COMPLETED,0:0,bora008.plafrim.cluster,Intel(R) Xeon(R) Gold 6240 CPU @ 2.60GHz,36,196303136,3.10.0-957.el7.x86_64,CentOS Linux 7 (Core),hfi1_0,beegfs:/beegfs,51,18.2014,39.8766,3.52
Gys_io Benchmark - Subfiling,7,3,5,/beegfs/aloupoue/iops_runs/run_065,/beegfs/aloupoue/iops_runs/run_065/runs/exec_0007/repetition_003,67108864,16,pdi_sub16.yaml,/beegfs/aloupoue/iops_runs/run_065/runs/exec_0007/repetition_003/summary.txt,4658348,SUCCEEDED,2026-04-16 03:31:36,2026-04-16 03:33:06,Submitted batch job 4658348,,0,RUNNING,COMPLETED,0:0,bora008.plafrim.cluster,Intel(R) Xeon(R) Gold 6240 CPU @ 2.60GHz,36,196303136,3.10.0-957.el7.x86_64,CentOS Linux 7 (Core),hfi1_0,beegfs:/beegfs,47,14.6407,36.1954,4.37
Gys_io Benchmark - Subfiling,3,5,5,/beegfs/aloupoue/iops_runs/run_065,/beegfs/aloupoue/iops_runs/run_065/runs/exec_0003/repetition_005,33554432,32,pdi_sub32.yaml,/beegfs/aloupoue/iops_runs/run_065/runs/exec_0003/repetition_005/summary.txt,4658350,SUCCEEDED,2026-04-16 03:33:06,2026-04-16 03:34:36,Submitted batch job 4658350,,0,RUNNING,COMPLETED,0:0,bora008.plafrim.cluster,Intel(R) Xeon(R) Gold 6240 CPU @ 2.60GHz,36,196303136,3.10.0-957.el7.x86_64,CentOS Linux 7 (Core),hfi1_0,beegfs:/beegfs,50,15.6689,38.2722,4.08
Gys_io Benchmark - Subfiling,5,5,5,/beegfs/aloupoue/iops_runs/run_065,/beegfs/aloupoue/iops_runs/run_065/runs/exec_0005/repetition_005,33554432,128,pdi_sub128.yaml,/beegfs/aloupoue/iops_runs/run_065/runs/exec_0005/repetition_005/summary.txt,4658352,SUCCEEDED,2026-04-16 03:34:36,2026-04-16 03:36:07,Submitted batch job 4658352,,0,RUNNING,COMPLETED,0:0,bora008.plafrim.cluster,Intel(R) Xeon(R) Gold 6240 CPU @ 2.60GHz,36,196303136,3.10.0-957.el7.x86_64,CentOS Linux 7 (Core),hfi1_0,beegfs:/beegfs,45,14.097,34.1128,4.54
Gys_io Benchmark - Subfiling,6,2,5,/beegfs/aloupoue/iops_runs/run_065,/beegfs/aloupoue/iops_runs/run_065/runs/exec_0006/repetition_002,67108864,8,pdi_sub8.yaml,/beegfs/aloupoue/iops_runs/run_065/runs/exec_0006/repetition_002/summary.txt,4658356,SUCCEEDED,2026-04-16 03:36:07,2026-04-16 03:37:37,Submitted batch job 4658356,,0,RUNNING,COMPLETED,0:0,bora008.plafrim.cluster,Intel(R) Xeon(R) Gold 6240 CPU @ 2.60GHz,36,196303136,3.10.0-957.el7.x86_64,CentOS Linux 7 (Core),hfi1_0,beegfs:/beegfs,43,11.5795,31.9651,5.53
Gys_io Benchmark - Subfiling,16,1,5,/beegfs/aloupoue/iops_runs/run_065,/beegfs/aloupoue/iops_runs/run_065/runs/exec_0016/repetition_001,268435456,8,pdi_sub8.yaml,/beegfs/aloupoue/iops_runs/run_065/runs/exec_0016/repetition_001/summary.txt,4658357,SUCCEEDED,2026-04-16 03:37:37,2026-04-16 03:39:07,Submitted batch job 4658357,,0,COMPLETING,COMPLETED,0:0,bora008.plafrim.cluster,Intel(R) Xeon(R) Gold 6240 CPU @ 2.60GHz,36,196303136,3.10.0-957.el7.x86_64,CentOS Linux 7 (Core),hfi1_0,beegfs:/beegfs,42,10.835,30.7184,5.91
Gys_io Benchmark - Subfiling,2,5,5,/beegfs/aloupoue/iops_runs/run_065,/beegfs/aloupoue/iops_runs/run_065/runs/exec_0002/repetition_005,33554432,16,pdi_sub16.yaml,/beegfs/aloupoue/iops_runs/run_065/runs/exec_0002/repetition_005/summary.txt,4658358,SUCCEEDED,2026-04-16 03:39:07,2026-04-16 03:40:37,Submitted batch job 4658358,,0,RUNNING,COMPLETED,0:0,bora008.plafrim.cluster,Intel(R) Xeon(R) Gold 6240 CPU @ 2.60GHz,36,196303136,3.10.0-957.el7.x86_64,CentOS Linux 7 (Core),hfi1_0,beegfs:/beegfs,45,12.5691,33.5197,5.09
Gys_io Benchmark - Subfiling,13,3,5,/beegfs/aloupoue/iops_runs/run_065,/beegfs/aloupoue/iops_runs/run_065/runs/exec_0013/repetition_003,134217728,32,pdi_sub32.yaml,/beegfs/aloupoue/iops_runs/run_065/runs/exec_0013/repetition_003/summary.txt,4658362,SUCCEEDED,2026-04-16 03:40:37,2026-04-16 03:42:08,Submitted batch job 4658362,,0,RUNNING,COMPLETED,0:0,bora008.plafrim.cluster,Intel(R) Xeon(R) Gold 6240 CPU @ 2.60GHz,36,196303136,3.10.0-957.el7.x86_64,CentOS Linux 7 (Core),hfi1_0,beegfs:/beegfs,49,14.9914,36.8881,4.27
Gys_io Benchmark - Subfiling,23,3,5,/beegfs/aloupoue/iops_runs/run_065,/beegfs/aloupoue/iops_runs/run_065/runs/exec_0023/repetition_003,536870912,32,pdi_sub32.yaml,/beegfs/aloupoue/iops_runs/run_065/runs/exec_0023/repetition_003/summary.txt,4658363,SUCCEEDED,2026-04-16 03:42:08,2026-04-16 03:43:38,Submitted batch job 4658363,,0,RUNNING,COMPLETED,0:0,bora008.plafrim.cluster,Intel(R) Xeon(R) Gold 6240 CPU @ 2.60GHz,36,196303136,3.10.0-957.el7.x86_64,CentOS Linux 7 (Core),hfi1_0,beegfs:/beegfs,46,15.095,35.3593,4.24
Gys_io Benchmark - Subfiling,22,1,5,/beegfs/aloupoue/iops_runs/run_065,/beegfs/aloupoue/iops_runs/run_065/runs/exec_0022/repetition_001,536870912,16,pdi_sub16.yaml,/beegfs/aloupoue/iops_runs/run_065/runs/exec_0022/repetition_001/summary.txt,4658364,SUCCEEDED,2026-04-16 03:43:38,2026-04-16 03:45:08,Submitted batch job 4658364,,0,RUNNING,COMPLETED,0:0,bora008.plafrim.cluster,Intel(R) Xeon(R) Gold 6240 CPU @ 2.60GHz,36,196303136,3.10.0-957.el7.x86_64,CentOS Linux 7 (Core),hfi1_0,beegfs:/beegfs,44,12.8415,33.3701,4.98
Gys_io Benchmark - Subfiling,4,3,5,/beegfs/aloupoue/iops_runs/run_065,/beegfs/aloupoue/iops_runs/run_065/runs/exec_0004/repetition_003,33554432,64,pdi_sub64.yaml,/beegfs/aloupoue/iops_runs/run_065/runs/exec_0004/repetition_003/summary.txt,4658369,SUCCEEDED,2026-04-16 03:45:08,2026-04-16 03:46:38,Submitted batch job 4658369,,0,RUNNING,COMPLETED,0:0,bora015.plafrim.cluster,Intel(R) Xeon(R) Gold 6240 CPU @ 2.60GHz,36,196303136,3.10.0-957.el7.x86_64,CentOS Linux 7 (Core),hfi1_0,beegfs:/beegfs,51,16.7401,40.3828,3.82
Gys_io Benchmark - Subfiling,23,4,5,/beegfs/aloupoue/iops_runs/run_065,/beegfs/aloupoue/iops_runs/run_065/runs/exec_0023/repetition_004,536870912,32,pdi_sub32.yaml,/beegfs/aloupoue/iops_runs/run_065/runs/exec_0023/repetition_004/summary.txt,4658370,SUCCEEDED,2026-04-16 03:46:38,2026-04-16 03:48:09,Submitted batch job 4658370,,0,RUNNING,COMPLETED,0:0,bora015.plafrim.cluster,Intel(R) Xeon(R) Gold 6240 CPU @ 2.60GHz,36,196303136,3.10.0-957.el7.x86_64,CentOS Linux 7 (Core),hfi1_0,beegfs:/beegfs,45,13.9043,35.2556,4.6
Gys_io Benchmark - Subfiling,4,4,5,/beegfs/aloupoue/iops_runs/run_065,/beegfs/aloupoue/iops_runs/run_065/runs/exec_0004/repetition_004,33554432,64,pdi_sub64.yaml,/beegfs/aloupoue/iops_runs/run_065/runs/exec_0004/repetition_004/summary.txt,4658371,SUCCEEDED,2026-04-16 03:48:09,2026-04-16 03:49:39,Submitted batch job 4658371,,0,RUNNING,COMPLETED,0:0,bora015.plafrim.cluster,Intel(R) Xeon(R) Gold 6240 CPU @ 2.60GHz,36,196303136,3.10.0-957.el7.x86_64,CentOS Linux 7 (Core),hfi1_0,beegfs:/beegfs,48,15.6128,37.9786,4.1
Gys_io Benchmark - Subfiling,22,2,5,/beegfs/aloupoue/iops_runs/run_065,/beegfs/aloupoue/iops_runs/run_065/runs/exec_0022/repetition_002,536870912,16,pdi_sub16.yaml,/beegfs/aloupoue/iops_runs/run_065/runs/exec_0022/repetition_002/summary.txt,4658372,SUCCEEDED,2026-04-16 03:49:39,2026-04-16 03:51:09,Submitted batch job 4658372,,0,RUNNING,COMPLETED,0:0,bora015.plafrim.cluster,Intel(R) Xeon(R) Gold 6240 CPU @ 2.60GHz,36,196303136,3.10.0-957.el7.x86_64,CentOS Linux 7 (Core),hfi1_0,beegfs:/beegfs,45,12.5607,35.1253,5.1
Gys_io Benchmark - Subfiling,11,3,5,/beegfs/aloupoue/iops_runs/run_065,/beegfs/aloupoue/iops_runs/run_065/runs/exec_0011/repetition_003,134217728,8,pdi_sub8.yaml,/beegfs/aloupoue/iops_runs/run_065/runs/exec_0011/repetition_003/summary.txt,4658376,SUCCEEDED,2026-04-16 03:51:09,2026-04-16 03:52:39,Submitted batch job 4658376,,0,COMPLETING,COMPLETED,0:0,bora015.plafrim.cluster,Intel(R) Xeon(R) Gold 6240 CPU @ 2.60GHz,36,196303136,3.10.0-957.el7.x86_64,CentOS Linux 7 (Core),hfi1_0,beegfs:/beegfs,43,12.2569,32.032,5.22
Gys_io Benchmark - Subfiling,18,2,5,/beegfs/aloupoue/iops_runs/run_065,/beegfs/aloupoue/iops_runs/run_065/runs/exec_0018/repetition_002,268435456,32,pdi_sub32.yaml,/beegfs/aloupoue/iops_runs/run_065/runs/exec_0018/repetition_002/summary.txt,4658377,SUCCEEDED,2026-04-16 03:52:39,2026-04-16 03:54:10,Submitted batch job 4658377,,0,RUNNING,COMPLETED,0:0,bora015.plafrim.cluster,Intel(R) Xeon(R) Gold 6240 CPU @ 2.60GHz,36,196303136,3.10.0-957.el7.x86_64,CentOS Linux 7 (Core),hfi1_0,beegfs:/beegfs,47,14.9483,36.1769,4.28
Gys_io Benchmark - Subfiling,9,5,5,/beegfs/aloupoue/iops_runs/run_065,/beegfs/aloupoue/iops_runs/run_065/runs/exec_0009/repetition_005,67108864,64,pdi_sub64.yaml,/beegfs/aloupoue/iops_runs/run_065/runs/exec_0009/repetition_005/summary.txt,4658378,SUCCEEDED,2026-04-16 03:54:10,2026-04-16 03:55:40,Submitted batch job 4658378,,0,RUNNING,COMPLETED,0:0,bora015.plafrim.cluster,Intel(R) Xeon(R) Gold 6240 CPU @ 2.60GHz,36,196303136,3.10.0-957.el7.x86_64,CentOS Linux 7 (Core),hfi1_0,beegfs:/beegfs,48,16.9351,36.8602,3.78
Gys_io Benchmark - Subfiling,23,5,5,/beegfs/aloupoue/iops_runs/run_065,/beegfs/aloupoue/iops_runs/run_065/runs/exec_0023/repetition_005,536870912,32,pdi_sub32.yaml,/beegfs/aloupoue/iops_runs/run_065/runs/exec_0023/repetition_005/summary.txt,4658382,SUCCEEDED,2026-04-16 03:55:40,2026-04-16 03:57:10,Submitted batch job 4658382,,0,COMPLETING,COMPLETED,0:0,bora015.plafrim.cluster,Intel(R) Xeon(R) Gold 6240 CPU @ 2.60GHz,36,196303136,3.10.0-957.el7.x86_64,CentOS Linux 7 (Core),hfi1_0,beegfs:/beegfs,45,15.6376,34.3109,4.09
Gys_io Benchmark - Subfiling,11,4,5,/beegfs/aloupoue/iops_runs/run_065,/beegfs/aloupoue/iops_runs/run_065/runs/exec_0011/repetition_004,134217728,8,pdi_sub8.yaml,/beegfs/aloupoue/iops_runs/run_065/runs/exec_0011/repetition_004/summary.txt,4658383,SUCCEEDED,2026-04-16 03:57:10,2026-04-16 03:58:41,Submitted batch job 4658383,,0,COMPLETING,COMPLETED,0:0,bora015.plafrim.cluster,Intel(R) Xeon(R) Gold 6240 CPU @ 2.60GHz,36,196303136,3.10.0-957.el7.x86_64,CentOS Linux 7 (Core),hfi1_0,beegfs:/beegfs,43,12.8056,31.8695,5.0
Gys_io Benchmark - Subfiling,18,3,5,/beegfs/aloupoue/iops_runs/run_065,/beegfs/aloupoue/iops_runs/run_065/runs/exec_0018/repetition_003,268435456,32,pdi_sub32.yaml,/beegfs/aloupoue/iops_runs/run_065/runs/exec_0018/repetition_003/summary.txt,4658384,SUCCEEDED,2026-04-16 03:58:41,2026-04-16 04:00:11,Submitted batch job 4658384,,0,COMPLETING,COMPLETED,0:0,bora015.plafrim.cluster,Intel(R) Xeon(R) Gold 6240 CPU @ 2.60GHz,36,196303136,3.10.0-957.el7.x86_64,CentOS Linux 7 (Core),hfi1_0,beegfs:/beegfs,44,15.1646,34.0283,4.22
Gys_io Benchmark - Subfiling,13,4,5,/beegfs/aloupoue/iops_runs/run_065,/beegfs/aloupoue/iops_runs/run_065/runs/exec_0013/repetition_004,134217728,32,pdi_sub32.yaml,/beegfs/aloupoue/iops_runs/run_065/runs/exec_0013/repetition_004/summary.txt,4658388,SUCCEEDED,2026-04-16 04:00:11,2026-04-16 04:01:41,Submitted batch job 4658388,,0,RUNNING,COMPLETED,0:0,bora015.plafrim.cluster,Intel(R) Xeon(R) Gold 6240 CPU @ 2.60GHz,36,196303136,3.10.0-957.el7.x86_64,CentOS Linux 7 (Core),hfi1_0,beegfs:/beegfs,47,14.514,36.1723,4.41
Gys_io Benchmark - Subfiling,7,4,5,/beegfs/aloupoue/iops_runs/run_065,/beegfs/aloupoue/iops_runs/run_065/runs/exec_0007/repetition_004,67108864,16,pdi_sub16.yaml,/beegfs/aloupoue/iops_runs/run_065/runs/exec_0007/repetition_004/summary.txt,4658389,SUCCEEDED,2026-04-16 04:01:41,2026-04-16 04:03:11,Submitted batch job 4658389,,0,COMPLETING,COMPLETED,0:0,bora015.plafrim.cluster,Intel(R) Xeon(R) Gold 6240 CPU @ 2.60GHz,36,196303136,3.10.0-957.el7.x86_64,CentOS Linux 7 (Core),hfi1_0,beegfs:/beegfs,42,12.9159,31.8716,4.96
Gys_io Benchmark - Subfiling,20,4,5,/beegfs/aloupoue/iops_runs/run_065,/beegfs/aloupoue/iops_runs/run_065/runs/exec_0020/repetition_004,268435456,128,pdi_sub128.yaml,/beegfs/aloupoue/iops_runs/run_065/runs/exec_0020/repetition_004/summary.txt,4658390,SUCCEEDED,2026-04-16 04:03:11,2026-04-16 04:04:42,Submitted batch job 4658390,,0,COMPLETING,COMPLETED,0:0,bora015.plafrim.cluster,Intel(R) Xeon(R) Gold 6240 CPU @ 2.60GHz,36,196303136,3.10.0-957.el7.x86_64,CentOS Linux 7 (Core),hfi1_0,beegfs:/beegfs,45,14.6881,33.9309,4.36
Gys_io Benchmark - Subfiling,24,3,5,/beegfs/aloupoue/iops_runs/run_065,/beegfs/aloupoue/iops_runs/run_065/runs/exec_0024/repetition_003,536870912,64,pdi_sub64.yaml,/beegfs/aloupoue/iops_runs/run_065/runs/exec_0024/repetition_003/summary.txt,4658391,SUCCEEDED,2026-04-16 04:04:42,2026-04-16 04:06:12,Submitted batch job 4658391,,0,RUNNING,COMPLETED,0:0,bora015.plafrim.cluster,Intel(R) Xeon(R) Gold 6240 CPU @ 2.60GHz,36,196303136,3.10.0-957.el7.x86_64,CentOS Linux 7 (Core),hfi1_0,beegfs:/beegfs,47,16.371,37.0736,3.91
Gys_io Benchmark - Subfiling,22,3,5,/beegfs/aloupoue/iops_runs/run_065,/beegfs/aloupoue/iops_runs/run_065/runs/exec_0022/repetition_003,536870912,16,pdi_sub16.yaml,/beegfs/aloupoue/iops_runs/run_065/runs/exec_0022/repetition_003/summary.txt,4658396,SUCCEEDED,2026-04-16 04:06:12,2026-04-16 04:07:42,Submitted batch job 4658396,,0,COMPLETING,COMPLETED,0:0,bora015.plafrim.cluster,Intel(R) Xeon(R) Gold 6240 CPU @ 2.60GHz,36,196303136,3.10.0-957.el7.x86_64,CentOS Linux 7 (Core),hfi1_0,beegfs:/beegfs,44,13.8953,34.3153,4.61
Gys_io Benchmark - Subfiling,24,4,5,/beegfs/aloupoue/iops_runs/run_065,/beegfs/aloupoue/iops_runs/run_065/runs/exec_0024/repetition_004,536870912,64,pdi_sub64.yaml,/beegfs/aloupoue/iops_runs/run_065/runs/exec_0024/repetition_004/summary.txt,4658397,SUCCEEDED,2026-04-16 04:07:42,2026-04-16 04:09:12,Submitted batch job 4658397,,0,COMPLETING,COMPLETED,0:0,bora015.plafrim.cluster,Intel(R) Xeon(R) Gold 6240 CPU @ 2.60GHz,36,196303136,3.10.0-957.el7.x86_64,CentOS Linux 7 (Core),hfi1_0,beegfs:/beegfs,44,15.0974,34.5694,4.24
Gys_io Benchmark - Subfiling,12,3,5,/beegfs/aloupoue/iops_runs/run_065,/beegfs/aloupoue/iops_runs/run_065/runs/exec_0012/repetition_003,134217728,16,pdi_sub16.yaml,/beegfs/aloupoue/iops_runs/run_065/runs/exec_0012/repetition_003/summary.txt,4658398,SUCCEEDED,2026-04-16 04:09:12,2026-04-16 04:10:43,Submitted batch job 4658398,,0,COMPLETING,COMPLETED,0:0,bora015.plafrim.cluster,Intel(R) Xeon(R) Gold 6240 CPU @ 2.60GHz,36,196303136,3.10.0-957.el7.x86_64,CentOS Linux 7 (Core),hfi1_0,beegfs:/beegfs,45,13.5911,33.8579,4.71
Gys_io Benchmark - Subfiling,22,4,5,/beegfs/aloupoue/iops_runs/run_065,/beegfs/aloupoue/iops_runs/run_065/runs/exec_0022/repetition_004,536870912,16,pdi_sub16.yaml,/beegfs/aloupoue/iops_runs/run_065/runs/exec_0022/repetition_004/summary.txt,4658402,SUCCEEDED,2026-04-16 04:10:43,2026-04-16 04:11:43,Submitted batch job 4658402,,0,RUNNING,COMPLETED,0:0,bora015.plafrim.cluster,Intel(R) Xeon(R) Gold 6240 CPU @ 2.60GHz,36,196303136,3.10.0-957.el7.x86_64,CentOS Linux 7 (Core),hfi1_0,beegfs:/beegfs,43,14.4526,34.0312,4.43
Gys_io Benchmark - Subfiling,19,3,5,/beegfs/aloupoue/iops_runs/run_065,/beegfs/aloupoue/iops_runs/run_065/runs/exec_0019/repetition_003,268435456,64,pdi_sub64.yaml,/beegfs/aloupoue/iops_runs/run_065/runs/exec_0019/repetition_003/summary.txt,4658403,SUCCEEDED,2026-04-16 04:11:43,2026-04-16 04:13:13,Submitted batch job 4658403,,0,COMPLETING,COMPLETED,0:0,bora015.plafrim.cluster,Intel(R) Xeon(R) Gold 6240 CPU @ 2.60GHz,36,196303136,3.10.0-957.el7.x86_64,CentOS Linux 7 (Core),hfi1_0,beegfs:/beegfs,46,16.9939,36.4355,3.77
Gys_io Benchmark - Subfiling,7,5,5,/beegfs/aloupoue/iops_runs/run_065,/beegfs/aloupoue/iops_runs/run_065/runs/exec_0007/repetition_005,67108864,16,pdi_sub16.yaml,/beegfs/aloupoue/iops_runs/run_065/runs/exec_0007/repetition_005/summary.txt,4658404,SUCCEEDED,2026-04-16 04:13:13,2026-04-16 04:14:13,Submitted batch job 4658404,,0,RUNNING,COMPLETED,0:0,bora015.plafrim.cluster,Intel(R) Xeon(R) Gold 6240 CPU @ 2.60GHz,36,196303136,3.10.0-957.el7.x86_64,CentOS Linux 7 (Core),hfi1_0,beegfs:/beegfs,43,13.3834,32.6611,4.78
Gys_io Benchmark - Subfiling,6,3,5,/beegfs/aloupoue/iops_runs/run_065,/beegfs/aloupoue/iops_runs/run_065/runs/exec_0006/repetition_003,67108864,8,pdi_sub8.yaml,/beegfs/aloupoue/iops_runs/run_065/runs/exec_0006/repetition_003/summary.txt,4658405,SUCCEEDED,2026-04-16 04:14:13,2026-04-16 04:15:43,Submitted batch job 4658405,,0,COMPLETING,COMPLETED,0:0,bora015.plafrim.cluster,Intel(R) Xeon(R) Gold 6240 CPU @ 2.60GHz,36,196303136,3.10.0-957.el7.x86_64,CentOS Linux 7 (Core),hfi1_0,beegfs:/beegfs,44,11.6873,33.3804,5.48
Gys_io Benchmark - Subfiling,12,4,5,/beegfs/aloupoue/iops_runs/run_065,/beegfs/aloupoue/iops_runs/run_065/runs/exec_0012/repetition_004,134217728,16,pdi_sub16.yaml,/beegfs/aloupoue/iops_runs/run_065/runs/exec_0012/repetition_004/summary.txt,4658409,SUCCEEDED,2026-04-16 04:15:44,2026-04-16 04:17:14,Submitted batch job 4658409,,0,RUNNING,COMPLETED,0:0,bora015.plafrim.cluster,Intel(R) Xeon(R) Gold 6240 CPU @ 2.60GHz,36,196303136,3.10.0-957.el7.x86_64,CentOS Linux 7 (Core),hfi1_0,beegfs:/beegfs,49,14.5823,37.9716,4.39
Gys_io Benchmark - Subfiling,24,5,5,/beegfs/aloupoue/iops_runs/run_065,/beegfs/aloupoue/iops_runs/run_065/runs/exec_0024/repetition_005,536870912,64,pdi_sub64.yaml,/beegfs/aloupoue/iops_runs/run_065/runs/exec_0024/repetition_005/summary.txt,4658410,SUCCEEDED,2026-04-16 04:17:14,2026-04-16 04:18:44,Submitted batch job 4658410,,0,RUNNING,COMPLETED,0:0,bora008.plafrim.cluster,Intel(R) Xeon(R) Gold 6240 CPU @ 2.60GHz,36,196303136,3.10.0-957.el7.x86_64,CentOS Linux 7 (Core),hfi1_0,beegfs:/beegfs,50,16.6639,37.7572,3.84
Gys_io Benchmark - Subfiling,16,2,5,/beegfs/aloupoue/iops_runs/run_065,/beegfs/aloupoue/iops_runs/run_065/runs/exec_0016/repetition_002,268435456,8,pdi_sub8.yaml,/beegfs/aloupoue/iops_runs/run_065/runs/exec_0016/repetition_002/summary.txt,4658412,SUCCEEDED,2026-04-16 04:18:44,2026-04-16 04:19:44,Submitted batch job 4658412,,0,RUNNING,COMPLETED,0:0,bora008.plafrim.cluster,Intel(R) Xeon(R) Gold 6240 CPU @ 2.60GHz,36,196303136,3.10.0-957.el7.x86_64,CentOS Linux 7 (Core),hfi1_0,beegfs:/beegfs,43,11.4335,30.9902,5.6
Gys_io Benchmark - Subfiling,22,5,5,/beegfs/aloupoue/iops_runs/run_065,/beegfs/aloupoue/iops_runs/run_065/runs/exec_0022/repetition_005,536870912,16,pdi_sub16.yaml,/beegfs/aloupoue/iops_runs/run_065/runs/exec_0022/repetition_005/summary.txt,4658414,SUCCEEDED,2026-04-16 04:19:44,2026-04-16 04:21:14,Submitted batch job 4658414,,0,COMPLETING,COMPLETED,0:0,bora008.plafrim.cluster,Intel(R) Xeon(R) Gold 6240 CPU @ 2.60GHz,36,196303136,3.10.0-957.el7.x86_64,CentOS Linux 7 (Core),hfi1_0,beegfs:/beegfs,47,14.3185,36.337,4.47
Gys_io Benchmark - Subfiling,4,5,5,/beegfs/aloupoue/iops_runs/run_065,/beegfs/aloupoue/iops_runs/run_065/runs/exec_0004/repetition_005,33554432,64,pdi_sub64.yaml,/beegfs/aloupoue/iops_runs/run_065/runs/exec_0004/repetition_005/summary.txt,4658418,SUCCEEDED,2026-04-16 04:21:15,2026-04-16 04:22:45,Submitted batch job 4658418,,0,COMPLETING,COMPLETED,0:0,bora008.plafrim.cluster,Intel(R) Xeon(R) Gold 6240 CPU @ 2.60GHz,36,196303136,3.10.0-957.el7.x86_64,CentOS Linux 7 (Core),hfi1_0,beegfs:/beegfs,47,16.8716,35.2484,3.79
Gys_io Benchmark - Subfiling,17,4,5,/beegfs/aloupoue/iops_runs/run_065,/beegfs/aloupoue/iops_runs/run_065/runs/exec_0017/repetition_004,268435456,16,pdi_sub16.yaml,/beegfs/aloupoue/iops_runs/run_065/runs/exec_0017/repetition_004/summary.txt,4658419,SUCCEEDED,2026-04-16 04:22:45,2026-04-16 04:24:15,Submitted batch job 4658419,,0,COMPLETING,COMPLETED,0:0,bora008.plafrim.cluster,Intel(R) Xeon(R) Gold 6240 CPU @ 2.60GHz,36,196303136,3.10.0-957.el7.x86_64,CentOS Linux 7 (Core),hfi1_0,beegfs:/beegfs,45,13.9894,34.7173,4.57
Gys_io Benchmark - Subfiling,21,2,5,/beegfs/aloupoue/iops_runs/run_065,/beegfs/aloupoue/iops_runs/run_065/runs/exec_0021/repetition_002,536870912,8,pdi_sub8.yaml,/beegfs/aloupoue/iops_runs/run_065/runs/exec_0021/repetition_002/summary.txt,4658420,SUCCEEDED,2026-04-16 04:24:15,2026-04-16 04:25:15,Submitted batch job 4658420,,0,RUNNING,COMPLETED,0:0,bora008.plafrim.cluster,Intel(R) Xeon(R) Gold 6240 CPU @ 2.60GHz,36,196303136,3.10.0-957.el7.x86_64,CentOS Linux 7 (Core),hfi1_0,beegfs:/beegfs,44,13.2843,32.6126,4.82
Gys_io Benchmark - Subfiling,8,2,5,/beegfs/aloupoue/iops_runs/run_065,/beegfs/aloupoue/iops_runs/run_065/runs/exec_0008/repetition_002,67108864,32,pdi_sub32.yaml,/beegfs/aloupoue/iops_runs/run_065/runs/exec_0008/repetition_002/summary.txt,4658424,SUCCEEDED,2026-04-16 04:25:15,2026-04-16 04:26:15,Submitted batch job 4658424,,0,RUNNING,COMPLETED,0:0,bora008.plafrim.cluster,Intel(R) Xeon(R) Gold 6240 CPU @ 2.60GHz,36,196303136,3.10.0-957.el7.x86_64,CentOS Linux 7 (Core),hfi1_0,beegfs:/beegfs,45,14.1566,32.9884,4.52
Gys_io Benchmark - Subfiling,25,3,5,/beegfs/aloupoue/iops_runs/run_065,/beegfs/aloupoue/iops_runs/run_065/runs/exec_0025/repetition_003,536870912,128,pdi_sub128.yaml,/beegfs/aloupoue/iops_runs/run_065/runs/exec_0025/repetition_003/summary.txt,4658425,SUCCEEDED,2026-04-16 04:26:16,2026-04-16 04:27:46,Submitted batch job 4658425,,0,COMPLETING,COMPLETED,0:0,bora008.plafrim.cluster,Intel(R) Xeon(R) Gold 6240 CPU @ 2.60GHz,36,196303136,3.10.0-957.el7.x86_64,CentOS Linux 7 (Core),hfi1_0,beegfs:/beegfs,47,15.3676,35.2763,4.16
Gys_io Benchmark - Subfiling,20,5,5,/beegfs/aloupoue/iops_runs/run_065,/beegfs/aloupoue/iops_runs/run_065/runs/exec_0020/repetition_005,268435456,128,pdi_sub128.yaml,/beegfs/aloupoue/iops_runs/run_065/runs/exec_0020/repetition_005/summary.txt,4658426,SUCCEEDED,2026-04-16 04:27:46,2026-04-16 04:29:16,Submitted batch job 4658426,,0,COMPLETING,COMPLETED,0:0,bora008.plafrim.cluster,Intel(R) Xeon(R) Gold 6240 CPU @ 2.60GHz,36,196303136,3.10.0-957.el7.x86_64,CentOS Linux 7 (Core),hfi1_0,beegfs:/beegfs,47,14.9149,34.9317,4.29
Gys_io Benchmark - Subfiling,25,4,5,/beegfs/aloupoue/iops_runs/run_065,/beegfs/aloupoue/iops_runs/run_065/runs/exec_0025/repetition_004,536870912,128,pdi_sub128.yaml,/beegfs/aloupoue/iops_runs/run_065/runs/exec_0025/repetition_004/summary.txt,4658427,SUCCEEDED,2026-04-16 04:29:16,2026-04-16 04:30:46,Submitted batch job 4658427,,0,COMPLETING,COMPLETED,0:0,bora008.plafrim.cluster,Intel(R) Xeon(R) Gold 6240 CPU @ 2.60GHz,36,196303136,3.10.0-957.el7.x86_64,CentOS Linux 7 (Core),hfi1_0,beegfs:/beegfs,47,14.2294,35.2192,4.5
Gys_io Benchmark - Subfiling,13,5,5,/beegfs/aloupoue/iops_runs/run_065,/beegfs/aloupoue/iops_runs/run_065/runs/exec_0013/repetition_005,134217728,32,pdi_sub32.yaml,/beegfs/aloupoue/iops_runs/run_065/runs/exec_0013/repetition_005/summary.txt,4658431,SUCCEEDED,2026-04-16 04:30:46,2026-04-16 04:31:46,Submitted batch job 4658431,,0,RUNNING,COMPLETED,0:0,bora008.plafrim.cluster,Intel(R) Xeon(R) Gold 6240 CPU @ 2.60GHz,36,196303136,3.10.0-957.el7.x86_64,CentOS Linux 7 (Core),hfi1_0,beegfs:/beegfs,42,13.7425,30.2817,4.66
Gys_io Benchmark - Subfiling,16,3,5,/beegfs/aloupoue/iops_runs/run_065,/beegfs/aloupoue/iops_runs/run_065/runs/exec_0016/repetition_003,268435456,8,pdi_sub8.yaml,/beegfs/aloupoue/iops_runs/run_065/runs/exec_0016/repetition_003/summary.txt,4658432,SUCCEEDED,2026-04-16 04:31:47,2026-04-16 04:32:47,Submitted batch job 4658432,,0,RUNNING,COMPLETED,0:0,bora008.plafrim.cluster,Intel(R) Xeon(R) Gold 6240 CPU @ 2.60GHz,36,196303136,3.10.0-957.el7.x86_64,CentOS Linux 7 (Core),hfi1_0,beegfs:/beegfs,41,11.4631,30.7225,5.58
Gys_io Benchmark - Subfiling,19,4,5,/beegfs/aloupoue/iops_runs/run_065,/beegfs/aloupoue/iops_runs/run_065/runs/exec_0019/repetition_004,268435456,64,pdi_sub64.yaml,/beegfs/aloupoue/iops_runs/run_065/runs/exec_0019/repetition_004/summary.txt,4658433,SUCCEEDED,2026-04-16 04:32:47,2026-04-16 04:34:17,Submitted batch job 4658433,,0,COMPLETING,COMPLETED,0:0,bora008.plafrim.cluster,Intel(R) Xeon(R) Gold 6240 CPU @ 2.60GHz,36,196303136,3.10.0-957.el7.x86_64,CentOS Linux 7 (Core),hfi1_0,beegfs:/beegfs,45,15.1381,36.1078,4.23
Gys_io Benchmark - Subfiling,8,3,5,/beegfs/aloupoue/iops_runs/run_065,/beegfs/aloupoue/iops_runs/run_065/runs/exec_0008/repetition_003,67108864,32,pdi_sub32.yaml,/beegfs/aloupoue/iops_runs/run_065/runs/exec_0008/repetition_003/summary.txt,4658434,SUCCEEDED,2026-04-16 04:34:17,2026-04-16 04:35:47,Submitted batch job 4658434,,0,COMPLETING,COMPLETED,0:0,bora008.plafrim.cluster,Intel(R) Xeon(R) Gold 6240 CPU @ 2.60GHz,36,196303136,3.10.0-957.el7.x86_64,CentOS Linux 7 (Core),hfi1_0,beegfs:/beegfs,46,13.1035,35.1609,4.88
Gys_io Benchmark - Subfiling,16,4,5,/beegfs/aloupoue/iops_runs/run_065,/beegfs/aloupoue/iops_runs/run_065/runs/exec_0016/repetition_004,268435456,8,pdi_sub8.yaml,/beegfs/aloupoue/iops_runs/run_065/runs/exec_0016/repetition_004/summary.txt,4658438,SUCCEEDED,2026-04-16 04:35:47,2026-04-16 04:37:17,Submitted batch job 4658438,,0,COMPLETING,COMPLETED,0:0,bora008.plafrim.cluster,Intel(R) Xeon(R) Gold 6240 CPU @ 2.60GHz,36,196303136,3.10.0-957.el7.x86_64,CentOS Linux 7 (Core),hfi1_0,beegfs:/beegfs,43,13.3269,30.793,4.8
Gys_io Benchmark - Subfiling,16,5,5,/beegfs/aloupoue/iops_runs/run_065,/beegfs/aloupoue/iops_runs/run_065/runs/exec_0016/repetition_005,268435456,8,pdi_sub8.yaml,/beegfs/aloupoue/iops_runs/run_065/runs/exec_0016/repetition_005/summary.txt,4658439,SUCCEEDED,2026-04-16 04:37:18,2026-04-16 04:38:18,Submitted batch job 4658439,,0,RUNNING,COMPLETED,0:0,bora008.plafrim.cluster,Intel(R) Xeon(R) Gold 6240 CPU @ 2.60GHz,36,196303136,3.10.0-957.el7.x86_64,CentOS Linux 7 (Core),hfi1_0,beegfs:/beegfs,42,11.7935,31.2714,5.43
Gys_io Benchmark - Subfiling,17,5,5,/beegfs/aloupoue/iops_runs/run_065,/beegfs/aloupoue/iops_runs/run_065/runs/exec_0017/repetition_005,268435456,16,pdi_sub16.yaml,/beegfs/aloupoue/iops_runs/run_065/runs/exec_0017/repetition_005/summary.txt,4658440,SUCCEEDED,2026-04-16 04:38:18,2026-04-16 04:39:18,Submitted batch job 4658440,,0,RUNNING,COMPLETED,0:0,bora008.plafrim.cluster,Intel(R) Xeon(R) Gold 6240 CPU @ 2.60GHz,36,196303136,3.10.0-957.el7.x86_64,CentOS Linux 7 (Core),hfi1_0,beegfs:/beegfs,46,13.1905,34.2813,4.85
Gys_io Benchmark - Subfiling,6,4,5,/beegfs/aloupoue/iops_runs/run_065,/beegfs/aloupoue/iops_runs/run_065/runs/exec_0006/repetition_004,67108864,8,pdi_sub8.yaml,/beegfs/aloupoue/iops_runs/run_065/runs/exec_0006/repetition_004/summary.txt,4658441,SUCCEEDED,2026-04-16 04:39:18,2026-04-16 04:40:48,Submitted batch job 4658441,,0,COMPLETING,COMPLETED,0:0,bora008.plafrim.cluster,Intel(R) Xeon(R) Gold 6240 CPU @ 2.60GHz,36,196303136,3.10.0-957.el7.x86_64,CentOS Linux 7 (Core),hfi1_0,beegfs:/beegfs,48,13.5748,36.4707,4.71
Gys_io Benchmark - Subfiling,19,5,5,/beegfs/aloupoue/iops_runs/run_065,/beegfs/aloupoue/iops_runs/run_065/runs/exec_0019/repetition_005,268435456,64,pdi_sub64.yaml,/beegfs/aloupoue/iops_runs/run_065/runs/exec_0019/repetition_005/summary.txt,4658445,SUCCEEDED,2026-04-16 04:40:48,2026-04-16 04:42:18,Submitted batch job 4658445,,0,COMPLETING,COMPLETED,0:0,bora015.plafrim.cluster,Intel(R) Xeon(R) Gold 6240 CPU @ 2.60GHz,36,196303136,3.10.0-957.el7.x86_64,CentOS Linux 7 (Core),hfi1_0,beegfs:/beegfs,49,15.7035,39.5688,4.08
Gys_io Benchmark - Subfiling,18,4,5,/beegfs/aloupoue/iops_runs/run_065,/beegfs/aloupoue/iops_runs/run_065/runs/exec_0018/repetition_004,268435456,32,pdi_sub32.yaml,/beegfs/aloupoue/iops_runs/run_065/runs/exec_0018/repetition_004/summary.txt,4658446,SUCCEEDED,2026-04-16 04:42:18,2026-04-16 04:43:19,Submitted batch job 4658446,,0,RUNNING,COMPLETED,0:0,bora015.plafrim.cluster,Intel(R) Xeon(R) Gold 6240 CPU @ 2.60GHz,36,196303136,3.10.0-957.el7.x86_64,CentOS Linux 7 (Core),hfi1_0,beegfs:/beegfs,47,14.5116,36.6297,4.41
Gys_io Benchmark - Subfiling,21,3,5,/beegfs/aloupoue/iops_runs/run_065,/beegfs/aloupoue/iops_runs/run_065/runs/exec_0021/repetition_003,536870912,8,pdi_sub8.yaml,/beegfs/aloupoue/iops_runs/run_065/runs/exec_0021/repetition_003/summary.txt,4658447,SUCCEEDED,2026-04-16 04:43:19,2026-04-16 04:44:19,Submitted batch job 4658447,,0,RUNNING,COMPLETED,0:0,bora015.plafrim.cluster,Intel(R) Xeon(R) Gold 6240 CPU @ 2.60GHz,36,196303136,3.10.0-957.el7.x86_64,CentOS Linux 7 (Core),hfi1_0,beegfs:/beegfs,41,11.1788,30.8604,5.73
Gys_io Benchmark - Subfiling,8,4,5,/beegfs/aloupoue/iops_runs/run_065,/beegfs/aloupoue/iops_runs/run_065/runs/exec_0008/repetition_004,67108864,32,pdi_sub32.yaml,/beegfs/aloupoue/iops_runs/run_065/runs/exec_0008/repetition_004/summary.txt,4658448,SUCCEEDED,2026-04-16 04:44:19,2026-04-16 04:45:19,Submitted batch job 4658448,,0,RUNNING,COMPLETED,0:0,bora015.plafrim.cluster,Intel(R) Xeon(R) Gold 6240 CPU @ 2.60GHz,36,196303136,3.10.0-957.el7.x86_64,CentOS Linux 7 (Core),hfi1_0,beegfs:/beegfs,43,13.9255,33.3596,4.6
Gys_io Benchmark - Subfiling,18,5,5,/beegfs/aloupoue/iops_runs/run_065,/beegfs/aloupoue/iops_runs/run_065/runs/exec_0018/repetition_005,268435456,32,pdi_sub32.yaml,/beegfs/aloupoue/iops_runs/run_065/runs/exec_0018/repetition_005/summary.txt,4658452,SUCCEEDED,2026-04-16 04:45:19,2026-04-16 04:46:19,Submitted batch job 4658452,,0,RUNNING,COMPLETED,0:0,bora015.plafrim.cluster,Intel(R) Xeon(R) Gold 6240 CPU @ 2.60GHz,36,196303136,3.10.0-957.el7.x86_64,CentOS Linux 7 (Core),hfi1_0,beegfs:/beegfs,41,14.2391,32.0853,4.49
Gys_io Benchmark - Subfiling,6,5,5,/beegfs/aloupoue/iops_runs/run_065,/beegfs/aloupoue/iops_runs/run_065/runs/exec_0006/repetition_005,67108864,8,pdi_sub8.yaml,/beegfs/aloupoue/iops_runs/run_065/runs/exec_0006/repetition_005/summary.txt,4658453,SUCCEEDED,2026-04-16 04:46:19,2026-04-16 04:47:19,Submitted batch job 4658453,,0,RUNNING,COMPLETED,0:0,bora015.plafrim.cluster,Intel(R) Xeon(R) Gold 6240 CPU @ 2.60GHz,36,196303136,3.10.0-957.el7.x86_64,CentOS Linux 7 (Core),hfi1_0,beegfs:/beegfs,41,11.2389,30.479,5.69
Gys_io Benchmark - Subfiling,11,5,5,/beegfs/aloupoue/iops_runs/run_065,/beegfs/aloupoue/iops_runs/run_065/runs/exec_0011/repetition_005,134217728,8,pdi_sub8.yaml,/beegfs/aloupoue/iops_runs/run_065/runs/exec_0011/repetition_005/summary.txt,4658454,SUCCEEDED,2026-04-16 04:47:20,2026-04-16 04:48:20,Submitted batch job 4658454,,0,RUNNING,COMPLETED,0:0,bora015.plafrim.cluster,Intel(R) Xeon(R) Gold 6240 CPU @ 2.60GHz,36,196303136,3.10.0-957.el7.x86_64,CentOS Linux 7 (Core),hfi1_0,beegfs:/beegfs,40,12.5414,30.1836,5.1
Gys_io Benchmark - Subfiling,25,5,5,/beegfs/aloupoue/iops_runs/run_065,/beegfs/aloupoue/iops_runs/run_065/runs/exec_0025/repetition_005,536870912,128,pdi_sub128.yaml,/beegfs/aloupoue/iops_runs/run_065/runs/exec_0025/repetition_005/summary.txt,4658455,SUCCEEDED,2026-04-16 04:48:20,2026-04-16 04:49:20,Submitted batch job 4658455,,0,RUNNING,COMPLETED,0:0,bora015.plafrim.cluster,Intel(R) Xeon(R) Gold 6240 CPU @ 2.60GHz,36,196303136,3.10.0-957.el7.x86_64,CentOS Linux 7 (Core),hfi1_0,beegfs:/beegfs,45,16.1402,34.8494,3.97
Gys_io Benchmark - Subfiling,21,4,5,/beegfs/aloupoue/iops_runs/run_065,/beegfs/aloupoue/iops_runs/run_065/runs/exec_0021/repetition_004,536870912,8,pdi_sub8.yaml,/beegfs/aloupoue/iops_runs/run_065/runs/exec_0021/repetition_004/summary.txt,4658456,SUCCEEDED,2026-04-16 04:49:20,2026-04-16 04:50:20,Submitted batch job 4658456,,0,RUNNING,COMPLETED,0:0,bora015.plafrim.cluster,Intel(R) Xeon(R) Gold 6240 CPU @ 2.60GHz,36,196303136,3.10.0-957.el7.x86_64,CentOS Linux 7 (Core),hfi1_0,beegfs:/beegfs,42,11.9102,31.9227,5.37
Gys_io Benchmark - Subfiling,14,3,5,/beegfs/aloupoue/iops_runs/run_065,/beegfs/aloupoue/iops_runs/run_065/runs/exec_0014/repetition_003,134217728,64,pdi_sub64.yaml,/beegfs/aloupoue/iops_runs/run_065/runs/exec_0014/repetition_003/summary.txt,4658460,SUCCEEDED,2026-04-16 04:50:20,2026-04-16 04:51:20,Submitted batch job 4658460,,0,RUNNING,COMPLETED,0:0,bora015.plafrim.cluster,Intel(R) Xeon(R) Gold 6240 CPU @ 2.60GHz,36,196303136,3.10.0-957.el7.x86_64,CentOS Linux 7 (Core),hfi1_0,beegfs:/beegfs,45,16.9047,34.4609,3.79
Gys_io Benchmark - Subfiling,12,5,5,/beegfs/aloupoue/iops_runs/run_065,/beegfs/aloupoue/iops_runs/run_065/runs/exec_0012/repetition_005,134217728,16,pdi_sub16.yaml,/beegfs/aloupoue/iops_runs/run_065/runs/exec_0012/repetition_005/summary.txt,4658461,SUCCEEDED,2026-04-16 04:51:20,2026-04-16 04:52:21,Submitted batch job 4658461,,0,RUNNING,COMPLETED,0:0,bora015.plafrim.cluster,Intel(R) Xeon(R) Gold 6240 CPU @ 2.60GHz,36,196303136,3.10.0-957.el7.x86_64,CentOS Linux 7 (Core),hfi1_0,beegfs:/beegfs,44,13.3681,33.1739,4.79
Gys_io Benchmark - Subfiling,21,5,5,/beegfs/aloupoue/iops_runs/run_065,/beegfs/aloupoue/iops_runs/run_065/runs/exec_0021/repetition_005,536870912,8,pdi_sub8.yaml,/beegfs/aloupoue/iops_runs/run_065/runs/exec_0021/repetition_005/summary.txt,4658462,SUCCEEDED,2026-04-16 04:52:21,2026-04-16 04:53:21,Submitted batch job 4658462,,0,RUNNING,COMPLETED,0:0,bora015.plafrim.cluster,Intel(R) Xeon(R) Gold 6240 CPU @ 2.60GHz,36,196303136,3.10.0-957.el7.x86_64,CentOS Linux 7 (Core),hfi1_0,beegfs:/beegfs,42,10.9943,31.1648,5.82
Gys_io Benchmark - Subfiling,14,4,5,/beegfs/aloupoue/iops_runs/run_065,/beegfs/aloupoue/iops_runs/run_065/runs/exec_0014/repetition_004,134217728,64,pdi_sub64.yaml,/beegfs/aloupoue/iops_runs/run_065/runs/exec_0014/repetition_004/summary.txt,4658463,SUCCEEDED,2026-04-16 04:53:21,2026-04-16 04:54:21,Submitted batch job 4658463,,0,RUNNING,COMPLETED,0:0,bora015.plafrim.cluster,Intel(R) Xeon(R) Gold 6240 CPU @ 2.60GHz,36,196303136,3.10.0-957.el7.x86_64,CentOS Linux 7 (Core),hfi1_0,beegfs:/beegfs,47,16.4236,36.8052,3.9
Gys_io Benchmark - Subfiling,8,5,5,/beegfs/aloupoue/iops_runs/run_065,/beegfs/aloupoue/iops_runs/run_065/runs/exec_0008/repetition_005,67108864,32,pdi_sub32.yaml,/beegfs/aloupoue/iops_runs/run_065/runs/exec_0008/repetition_005/summary.txt,4658464,SUCCEEDED,2026-04-16 04:54:21,2026-04-16 04:55:21,Submitted batch job 4658464,,0,RUNNING,COMPLETED,0:0,bora015.plafrim.cluster,Intel(R) Xeon(R) Gold 6240 CPU @ 2.60GHz,36,196303136,3.10.0-957.el7.x86_64,CentOS Linux 7 (Core),hfi1_0,beegfs:/beegfs,46,14.0664,35.8081,4.55
Gys_io Benchmark - Subfiling,14,5,5,/beegfs/aloupoue/iops_runs/run_065,/beegfs/aloupoue/iops_runs/run_065/runs/exec_0014/repetition_005,134217728,64,pdi_sub64.yaml,/beegfs/aloupoue/iops_runs/run_065/runs/exec_0014/repetition_005/summary.txt,4658468,SUCCEEDED,2026-04-16 04:55:21,2026-04-16 04:56:22,Submitted batch job 4658468,,0,RUNNING,COMPLETED,0:0,bora015.plafrim.cluster,Intel(R) Xeon(R) Gold 6240 CPU @ 2.60GHz,36,196303136,3.10.0-957.el7.x86_64,CentOS Linux 7 (Core),hfi1_0,beegfs:/beegfs,47,16.573,37.0753,3.86
